File|Event|Error_Path|Error
./Data/events.2022.03.30-13.48.39.json|PasswordChange|NaN|ValidEvent
./Data/events.2022.03.30-13.48.39.json|AccountEdit|['GAEvent', 'AccountEdit']|Additional properties are not allowed ('AffectedImmutableUserId' was unexpected)
./Data/events.2022.03.30-13.48.39.json|AccountEdit|['GAEvent', 'AccountEdit', 'Attribute']|'hidden' is not one of ['NameOnAccount', 'ContactAddress', 'ContactPhoneNumber', 'ContactEMail', 'Limit', 'Permission', 'Unknown', 'Other']
./Data/events.2022.03.30-13.48.39.json|AccountEdit|['GAEvent', 'AccountEdit', 'Common', 'Channel']|'WEB' is not one of ['OLBRetail', 'OLBBusiness', 'MobileRetail', 'MobileBusiness', 'Unknown', 'Other']
./Data/events.2022.03.30-13.48.39.json|AccountEdit|['GAEvent', 'AccountEdit', 'DisplayInformation']|None is not of type 'string'
./Data/events.2022.03.30-13.48.39.json|AccountEdit|['GAEvent', 'AccountEdit', 'RetailSession', 'UTCTimestamp']|'2022-02-14T19:31:10.757206Z' is not of type 'integer'
./Data/events.2022.03.30-13.48.39.json|AccountEdit|['GAEvent', 'AccountEdit', 'Type']|None is not of type 'string'
./Data/events.2022.03.30-13.48.39.json|AccountEdit|['GAEvent', 'AccountEdit', 'Type']|None is not one of ['Brokerage', 'Checking', 'Credit Card', 'Loan', 'Retirement', 'Money Market', 'Saving', 'Certificate of Deposit', 'Unknown', 'Other']
./Data/events.2022.03.30-13.48.39.json|AccountEdit|['GAEvent', 'AccountEdit']|'AffectedImmutableUserID' is a required property
./Data/events.2022.03.30-13.48.39.json|ReportView|['GAEvent', 'ReportView', 'Common', 'Channel']|'WEB' is not one of ['OLBRetail', 'OLBBusiness', 'MobileRetail', 'MobileBusiness', 'Unknown', 'Other']
./Data/events.2022.03.30-13.48.39.json|ReportView|['GAEvent', 'ReportView', 'RetailSession', 'UTCTimestamp']|'2022-02-14T21:31:22.808135Z' is not of type 'integer'
./Data/events.2022.03.30-13.48.39.json|ReportView|['GAEvent', 'ReportView']|'Name' is a required property
./Data/events.2022.03.30-13.48.39.json|AccountEdit|['GAEvent', 'AccountEdit']|Additional properties are not allowed ('AffectedImmutableUserId' was unexpected)
./Data/events.2022.03.30-13.48.39.json|AccountEdit|['GAEvent', 'AccountEdit', 'Attribute']|'nickname' is not one of ['NameOnAccount', 'ContactAddress', 'ContactPhoneNumber', 'ContactEMail', 'Limit', 'Permission', 'Unknown', 'Other']
./Data/events.2022.03.30-13.48.39.json|AccountEdit|['GAEvent', 'AccountEdit', 'Common', 'Channel']|'WEB' is not one of ['OLBRetail', 'OLBBusiness', 'MobileRetail', 'MobileBusiness', 'Unknown', 'Other']
./Data/events.2022.03.30-13.48.39.json|AccountEdit|['GAEvent', 'AccountEdit', 'DisplayInformation']|None is not of type 'string'
./Data/events.2022.03.30-13.48.39.json|AccountEdit|['GAEvent', 'AccountEdit', 'RetailSession', 'UTCTimestamp']|'2022-02-14T19:31:02.131381Z' is not of type 'integer'
./Data/events.2022.03.30-13.48.39.json|AccountEdit|['GAEvent', 'AccountEdit', 'Type']|None is not of type 'string'
./Data/events.2022.03.30-13.48.39.json|AccountEdit|['GAEvent', 'AccountEdit', 'Type']|None is not one of ['Brokerage', 'Checking', 'Credit Card', 'Loan', 'Retirement', 'Money Market', 'Saving', 'Certificate of Deposit', 'Unknown', 'Other']
./Data/events.2022.03.30-13.48.39.json|AccountEdit|['GAEvent', 'AccountEdit']|'AffectedImmutableUserID' is a required property
./Data/events.2022.03.30-13.48.39.json|PasswordChange|['GAEvent', 'PasswordChange', 'Common', 'Channel']|'WEB' is not one of ['OLBRetail', 'OLBBusiness', 'MobileRetail', 'MobileBusiness', 'Unknown', 'Other']
./Data/events.2022.03.30-13.48.39.json|PasswordChange|['GAEvent', 'PasswordChange', 'PasswordChangeReason']|'Admin Initiated' is not one of ['Forgotten', 'AdminReset', 'UserInitiated', 'Expired', 'Unknown', 'Other']
./Data/events.2022.03.30-13.48.39.json|PasswordChange|['GAEvent', 'PasswordChange', 'RetailSession', 'UTCTimestamp']|'2021-12-17T20:31:24.575436Z' is not of type 'integer'
./Data/events.2022.03.30-13.48.39.json|PasswordChange|['GAEvent', 'PasswordChange', 'Common', 'Channel']|'WEB' is not one of ['OLBRetail', 'OLBBusiness', 'MobileRetail', 'MobileBusiness', 'Unknown', 'Other']
./Data/events.2022.03.30-13.48.39.json|PasswordChange|['GAEvent', 'PasswordChange', 'PasswordChangeReason']|'Admin Initiated' is not one of ['Forgotten', 'AdminReset', 'UserInitiated', 'Expired', 'Unknown', 'Other']
./Data/events.2022.03.30-13.48.39.json|PasswordChange|['GAEvent', 'PasswordChange', 'RetailSession', 'ImmutableUserID']|None is not of type 'string'
./Data/events.2022.03.30-13.48.39.json|PasswordChange|['GAEvent', 'PasswordChange', 'RetailSession', 'UTCTimestamp']|'2021-12-17T20:31:24.577344Z' is not of type 'integer'
./Data/events.2022.03.30-13.48.39.json|Informational|['GAEvent', 'Informational']|Additional properties are not allowed ('DisplayFields' was unexpected)
./Data/events.2022.03.30-13.48.39.json|Informational|['GAEvent', 'Informational', 'Common', 'Channel']|'WEB' is not one of ['OLBRetail', 'OLBBusiness', 'MobileRetail', 'MobileBusiness', 'Unknown', 'Other']
./Data/events.2022.03.30-13.48.39.json|Informational|['GAEvent', 'Informational', 'RetailSession', 'UTCTimestamp']|'2021-12-17T19:36:31.491274Z' is not of type 'integer'
./Data/events.2022.03.30-13.48.39.json|Informational|['GAEvent', 'Informational']|'BusinessSession' is a required property
./Data/events.2022.03.30-13.48.39.json|Informational|['GAEvent', 'Informational']|'MobileRetailSession' is a required property
./Data/events.2022.03.30-13.48.39.json|Informational|['GAEvent', 'Informational']|'MobileBusinessSession' is a required property
./Data/events.2022.03.30-13.48.39.json|Login|['GAEvent', 'Login', 'Common', 'Channel']|'WEB' is not one of ['OLBRetail', 'OLBBusiness', 'MobileRetail', 'MobileBusiness', 'Unknown', 'Other']
./Data/events.2022.03.30-13.48.39.json|Login|['GAEvent', 'Login', 'LoginStatus']|'Invalid Credentials' is not one of ['Successful', 'SystemDown', 'InvalidCredentials', 'UserAccessRestricted', 'Unknown', 'Other']
./Data/events.2022.03.30-13.48.39.json|Login|['GAEvent', 'Login', 'RetailSession', 'UTCTimestamp']|'2022-02-14T20:39:15.251542Z' is not of type 'integer'
./Data/events.2022.03.30-13.48.39.json|Login|['GAEvent', 'Login', 'Common', 'Channel']|'WEB' is not one of ['OLBRetail', 'OLBBusiness', 'MobileRetail', 'MobileBusiness', 'Unknown', 'Other']
./Data/events.2022.03.30-13.48.39.json|Login|['GAEvent', 'Login', 'LoginStatus']|'Invalid Credentials' is not one of ['Successful', 'SystemDown', 'InvalidCredentials', 'UserAccessRestricted', 'Unknown', 'Other']
./Data/events.2022.03.30-13.48.39.json|Login|['GAEvent', 'Login', 'RetailSession', 'UTCTimestamp']|'2021-12-17T21:02:16.682381Z' is not of type 'integer'
./Data/events.2022.03.30-13.48.39.json|Login|['GAEvent', 'Login', 'Common', 'Channel']|'WEB' is not one of ['OLBRetail', 'OLBBusiness', 'MobileRetail', 'MobileBusiness', 'Unknown', 'Other']
./Data/events.2022.03.30-13.48.39.json|Login|['GAEvent', 'Login', 'LoginStatus']|'Success' is not one of ['Successful', 'SystemDown', 'InvalidCredentials', 'UserAccessRestricted', 'Unknown', 'Other']
./Data/events.2022.03.30-13.48.39.json|Login|['GAEvent', 'Login', 'RetailSession', 'UTCTimestamp']|'2021-12-17T21:03:02.249605Z' is not of type 'integer'
./Data/events.2022.03.30-13.48.39.json|Login|['GAEvent', 'Login', 'Common', 'Channel']|'WEB' is not one of ['OLBRetail', 'OLBBusiness', 'MobileRetail', 'MobileBusiness', 'Unknown', 'Other']
./Data/events.2022.03.30-13.48.39.json|Login|['GAEvent', 'Login', 'LoginStatus']|'Success' is not one of ['Successful', 'SystemDown', 'InvalidCredentials', 'UserAccessRestricted', 'Unknown', 'Other']
./Data/events.2022.03.30-13.48.39.json|Login|['GAEvent', 'Login', 'RetailSession', 'UTCTimestamp']|'2022-02-14T15:31:45.484852Z' is not of type 'integer'
./Data/events.2022.03.30-13.48.39.json|ChallengeResponse|['GAEvent', 'ChallengeResponse', 'ActivityAttempted']|'Biometric' is not one of ['AccountMgt', 'ACH', 'BillPay', 'CheckImageView', 'Login', 'MFAOptionsChanged', 'PasswordChange', 'RemoteDepositCapture', 'SingleSignOn', 'Transfer', 'UserMgt', 'Wire', 'Other', 'Unknown']
./Data/events.2022.03.30-13.48.39.json|ChallengeResponse|['GAEvent', 'ChallengeResponse', 'ChallengeReason']|'WEB' is not one of ['DeviceUnrecognized', 'UserAccessRestricted', 'SystemOrAdminForcedReset', 'UserCausedReset', 'UserPreference', 'ActivityRestricted', 'Unknown', 'Other']
./Data/events.2022.03.30-13.48.39.json|ChallengeResponse|['GAEvent', 'ChallengeResponse', 'Common', 'Channel']|'MOBILE' is not one of ['OLBRetail', 'OLBBusiness', 'MobileRetail', 'MobileBusiness', 'Unknown', 'Other']
./Data/events.2022.03.30-13.48.39.json|ChallengeResponse|['GAEvent', 'ChallengeResponse', 'MobileRetailSession']|Additional properties are not allowed ('DeviceType', 'PhoneNumber', 'IP6Address' were unexpected)
./Data/events.2022.03.30-13.48.39.json|ChallengeResponse|['GAEvent', 'ChallengeResponse', 'MobileRetailSession', 'UTCTimestamp']|'2022-03-03T15:34:36.892300Z' is not of type 'integer'
./Data/events.2022.03.30-13.48.39.json|ChallengeResponse|['GAEvent', 'ChallengeResponse', 'MobileRetailSession']|Additional properties are not allowed ('DeviceID', 'IPAddress', 'SignOnID', 'IP6Address', 'Cookie', 'UTCTimestamp', 'UserAgentString', 'ImmutableUserID', 'SessionID' were unexpected)
./Data/events.2022.03.30-13.48.39.json|ChallengeResponse|['GAEvent', 'ChallengeResponse', 'MobileRetailSession']|'MobileChannel' is a required property
./Data/events.2022.03.30-13.48.39.json|ChallengeResponse|['GAEvent', 'ChallengeResponse', 'MobileRetailSession']|Additional properties are not allowed ('DeviceID', 'IPAddress', 'SignOnID', 'DeviceType', 'Cookie', 'IP6Address', 'UTCTimestamp', 'UserAgentString', 'ImmutableUserID', 'PhoneNumber', 'SessionID' were unexpected)
./Data/events.2022.03.30-13.48.39.json|ChallengeResponse|['GAEvent', 'ChallengeResponse', 'State']|'SUCCESS' is not one of ['ChallengeRequested', 'Success', 'FailedAuthentication', 'TimedOut', 'Unknown', 'Other']
./Data/events.2022.03.30-13.48.39.json|ChallengeResponse|['GAEvent', 'ChallengeResponse']|'Duration' is a required property
./Data/events.2022.03.30-13.48.39.json|ChallengeResponse|['GAEvent', 'ChallengeResponse']|'RetailSession' is a required property
./Data/events.2022.03.30-13.48.39.json|ChallengeResponse|['GAEvent', 'ChallengeResponse']|'BusinessSession' is a required property
./Data/events.2022.03.30-13.48.39.json|ChallengeResponse|['GAEvent', 'ChallengeResponse']|'MobileBusinessSession' is a required property
./Data/events.2022.03.30-13.48.39.json|Login|['GAEvent', 'Login', 'Common', 'Channel']|'WEB' is not one of ['OLBRetail', 'OLBBusiness', 'MobileRetail', 'MobileBusiness', 'Unknown', 'Other']
./Data/events.2022.03.30-13.48.39.json|Login|['GAEvent', 'Login', 'LoginStatus']|'User Access Restricted' is not one of ['Successful', 'SystemDown', 'InvalidCredentials', 'UserAccessRestricted', 'Unknown', 'Other']
./Data/events.2022.03.30-13.48.39.json|Login|['GAEvent', 'Login', 'RetailSession', 'UTCTimestamp']|'2022-03-15T22:03:05.735291Z' is not of type 'integer'
./Data/events.2022.03.30-13.48.39.json|DeviceRegistered|['GAEvent', 'DeviceRegistered', 'Common', 'Channel']|'MOBILE' is not one of ['OLBRetail', 'OLBBusiness', 'MobileRetail', 'MobileBusiness', 'Unknown', 'Other']
./Data/events.2022.03.30-13.48.39.json|DeviceRegistered|['GAEvent', 'DeviceRegistered', 'MobileRetailSession']|Additional properties are not allowed ('DeviceType', 'PhoneNumber', 'IP6Address' were unexpected)
./Data/events.2022.03.30-13.48.39.json|DeviceRegistered|['GAEvent', 'DeviceRegistered', 'MobileRetailSession', 'UTCTimestamp']|'2022-03-07T17:08:22.717956Z' is not of type 'integer'
./Data/events.2022.03.30-13.48.39.json|DeviceRegistered|['GAEvent', 'DeviceRegistered', 'MobileRetailSession']|Additional properties are not allowed ('DeviceID', 'IPAddress', 'SignOnID', 'IP6Address', 'Cookie', 'UTCTimestamp', 'UserAgentString', 'ImmutableUserID', 'SessionID' were unexpected)
./Data/events.2022.03.30-13.48.39.json|DeviceRegistered|['GAEvent', 'DeviceRegistered', 'MobileRetailSession']|'MobileChannel' is a required property
./Data/events.2022.03.30-13.48.39.json|DeviceRegistered|['GAEvent', 'DeviceRegistered', 'MobileRetailSession']|Additional properties are not allowed ('DeviceID', 'IPAddress', 'SignOnID', 'DeviceType', 'Cookie', 'IP6Address', 'UTCTimestamp', 'UserAgentString', 'ImmutableUserID', 'PhoneNumber', 'SessionID' were unexpected)
./Data/events.2022.03.30-13.48.39.json|DeviceRegistered|['GAEvent', 'DeviceRegistered', 'Common', 'Channel']|'MOBILE' is not one of ['OLBRetail', 'OLBBusiness', 'MobileRetail', 'MobileBusiness', 'Unknown', 'Other']
./Data/events.2022.03.30-13.48.39.json|DeviceRegistered|['GAEvent', 'DeviceRegistered', 'MobileRetailSession']|Additional properties are not allowed ('DeviceType', 'PhoneNumber', 'IP6Address' were unexpected)
./Data/events.2022.03.30-13.48.39.json|DeviceRegistered|['GAEvent', 'DeviceRegistered', 'MobileRetailSession', 'UTCTimestamp']|'2022-03-03T15:30:40.653404Z' is not of type 'integer'
./Data/events.2022.03.30-13.48.39.json|DeviceRegistered|['GAEvent', 'DeviceRegistered', 'MobileRetailSession']|Additional properties are not allowed ('DeviceID', 'IPAddress', 'SignOnID', 'IP6Address', 'Cookie', 'UTCTimestamp', 'UserAgentString', 'ImmutableUserID', 'SessionID' were unexpected)
./Data/events.2022.03.30-13.48.39.json|DeviceRegistered|['GAEvent', 'DeviceRegistered', 'MobileRetailSession']|'MobileChannel' is a required property
./Data/events.2022.03.30-13.48.39.json|DeviceRegistered|['GAEvent', 'DeviceRegistered', 'MobileRetailSession']|Additional properties are not allowed ('DeviceID', 'IPAddress', 'SignOnID', 'DeviceType', 'Cookie', 'IP6Address', 'UTCTimestamp', 'UserAgentString', 'ImmutableUserID', 'PhoneNumber', 'SessionID' were unexpected)
./Data/events.2022.03.30-13.48.39.json|Informational|['GAEvent', 'Informational']|Additional properties are not allowed ('DisplayFields' was unexpected)
./Data/events.2022.03.30-13.48.39.json|Informational|['GAEvent', 'Informational', 'Common', 'Channel']|'WEB' is not one of ['OLBRetail', 'OLBBusiness', 'MobileRetail', 'MobileBusiness', 'Unknown', 'Other']
./Data/events.2022.03.30-13.48.39.json|Informational|['GAEvent', 'Informational', 'RetailSession', 'UTCTimestamp']|'2022-03-29T17:20:31.652384Z' is not of type 'integer'
./Data/events.2022.03.30-13.48.39.json|Informational|['GAEvent', 'Informational']|'BusinessSession' is a required property
./Data/events.2022.03.30-13.48.39.json|Informational|['GAEvent', 'Informational']|'MobileRetailSession' is a required property
./Data/events.2022.03.30-13.48.39.json|Informational|['GAEvent', 'Informational']|'MobileBusinessSession' is a required property
./Data/events.2022.03.30-13.48.39.json|ChallengeResponse|['GAEvent', 'ChallengeResponse', 'ChallengeReason']|'Okta Advised' is not one of ['DeviceUnrecognized', 'UserAccessRestricted', 'SystemOrAdminForcedReset', 'UserCausedReset', 'UserPreference', 'ActivityRestricted', 'Unknown', 'Other']
./Data/events.2022.03.30-13.48.39.json|ChallengeResponse|['GAEvent', 'ChallengeResponse', 'Common', 'Channel']|'WEB' is not one of ['OLBRetail', 'OLBBusiness', 'MobileRetail', 'MobileBusiness', 'Unknown', 'Other']
./Data/events.2022.03.30-13.48.39.json|ChallengeResponse|['GAEvent', 'ChallengeResponse', 'RetailSession', 'UTCTimestamp']|'2021-12-17T20:05:50.829359Z' is not of type 'integer'
./Data/events.2022.03.30-13.48.39.json|ChallengeResponse|['GAEvent', 'ChallengeResponse', 'State']|'SUCCESS' is not one of ['ChallengeRequested', 'Success', 'FailedAuthentication', 'TimedOut', 'Unknown', 'Other']
./Data/events.2022.03.30-13.48.39.json|ChallengeResponse|['GAEvent', 'ChallengeResponse']|'Duration' is a required property
./Data/events.2022.03.30-13.48.39.json|ChallengeResponse|['GAEvent', 'ChallengeResponse']|'BusinessSession' is a required property
./Data/events.2022.03.30-13.48.39.json|ChallengeResponse|['GAEvent', 'ChallengeResponse']|'MobileRetailSession' is a required property
./Data/events.2022.03.30-13.48.39.json|ChallengeResponse|['GAEvent', 'ChallengeResponse']|'MobileBusinessSession' is a required property
./Data/events.2022.03.30-13.48.39.json|ChallengeResponse|['GAEvent', 'ChallengeResponse', 'ChallengeReason']|'Okta Advised' is not one of ['DeviceUnrecognized', 'UserAccessRestricted', 'SystemOrAdminForcedReset', 'UserCausedReset', 'UserPreference', 'ActivityRestricted', 'Unknown', 'Other']
./Data/events.2022.03.30-13.48.39.json|ChallengeResponse|['GAEvent', 'ChallengeResponse', 'Common', 'Channel']|'WEB' is not one of ['OLBRetail', 'OLBBusiness', 'MobileRetail', 'MobileBusiness', 'Unknown', 'Other']
./Data/events.2022.03.30-13.48.39.json|ChallengeResponse|['GAEvent', 'ChallengeResponse', 'RetailSession', 'UTCTimestamp']|'2022-02-22T21:10:55.745063Z' is not of type 'integer'
./Data/events.2022.03.30-13.48.39.json|ChallengeResponse|['GAEvent', 'ChallengeResponse', 'State']|'SUCCESS' is not one of ['ChallengeRequested', 'Success', 'FailedAuthentication', 'TimedOut', 'Unknown', 'Other']
./Data/events.2022.03.30-13.48.39.json|ChallengeResponse|['GAEvent', 'ChallengeResponse']|'Duration' is a required property
./Data/events.2022.03.30-13.48.39.json|ChallengeResponse|['GAEvent', 'ChallengeResponse']|'BusinessSession' is a required property
./Data/events.2022.03.30-13.48.39.json|ChallengeResponse|['GAEvent', 'ChallengeResponse']|'MobileRetailSession' is a required property
./Data/events.2022.03.30-13.48.39.json|ChallengeResponse|['GAEvent', 'ChallengeResponse']|'MobileBusinessSession' is a required property
./Data/events.2022.03.30-13.48.39.json|ChallengeResponse|['GAEvent', 'ChallengeResponse', 'ChallengeReason']|'Okta Advised' is not one of ['DeviceUnrecognized', 'UserAccessRestricted', 'SystemOrAdminForcedReset', 'UserCausedReset', 'UserPreference', 'ActivityRestricted', 'Unknown', 'Other']
./Data/events.2022.03.30-13.48.39.json|ChallengeResponse|['GAEvent', 'ChallengeResponse', 'Common', 'Channel']|'WEB' is not one of ['OLBRetail', 'OLBBusiness', 'MobileRetail', 'MobileBusiness', 'Unknown', 'Other']
./Data/events.2022.03.30-13.48.39.json|ChallengeResponse|['GAEvent', 'ChallengeResponse', 'RetailSession', 'UTCTimestamp']|'2022-02-14T20:23:17.976442Z' is not of type 'integer'
./Data/events.2022.03.30-13.48.39.json|ChallengeResponse|['GAEvent', 'ChallengeResponse', 'State']|'SUCCESS' is not one of ['ChallengeRequested', 'Success', 'FailedAuthentication', 'TimedOut', 'Unknown', 'Other']
./Data/events.2022.03.30-13.48.39.json|ChallengeResponse|['GAEvent', 'ChallengeResponse']|'Duration' is a required property
./Data/events.2022.03.30-13.48.39.json|ChallengeResponse|['GAEvent', 'ChallengeResponse']|'BusinessSession' is a required property
./Data/events.2022.03.30-13.48.39.json|ChallengeResponse|['GAEvent', 'ChallengeResponse']|'MobileRetailSession' is a required property
./Data/events.2022.03.30-13.48.39.json|ChallengeResponse|['GAEvent', 'ChallengeResponse']|'MobileBusinessSession' is a required property
./Data/events.2022.03.30-13.48.39.json|ChallengeResponse|['GAEvent', 'ChallengeResponse', 'ChallengeReason']|'Okta Advised' is not one of ['DeviceUnrecognized', 'UserAccessRestricted', 'SystemOrAdminForcedReset', 'UserCausedReset', 'UserPreference', 'ActivityRestricted', 'Unknown', 'Other']
./Data/events.2022.03.30-13.48.39.json|ChallengeResponse|['GAEvent', 'ChallengeResponse', 'Common', 'Channel']|'WEB' is not one of ['OLBRetail', 'OLBBusiness', 'MobileRetail', 'MobileBusiness', 'Unknown', 'Other']
./Data/events.2022.03.30-13.48.39.json|ChallengeResponse|['GAEvent', 'ChallengeResponse', 'RetailSession', 'UTCTimestamp']|'2021-12-17T21:03:02.249032Z' is not of type 'integer'
./Data/events.2022.03.30-13.48.39.json|ChallengeResponse|['GAEvent', 'ChallengeResponse', 'State']|'SUCCESS' is not one of ['ChallengeRequested', 'Success', 'FailedAuthentication', 'TimedOut', 'Unknown', 'Other']
./Data/events.2022.03.30-13.48.39.json|ChallengeResponse|['GAEvent', 'ChallengeResponse']|'Duration' is a required property
./Data/events.2022.03.30-13.48.39.json|ChallengeResponse|['GAEvent', 'ChallengeResponse']|'BusinessSession' is a required property
./Data/events.2022.03.30-13.48.39.json|ChallengeResponse|['GAEvent', 'ChallengeResponse']|'MobileRetailSession' is a required property
./Data/events.2022.03.30-13.48.39.json|ChallengeResponse|['GAEvent', 'ChallengeResponse']|'MobileBusinessSession' is a required property
./Data/events.2022.03.30-13.48.39.json|MFAMethodDelete|['GAEvent', 'MFAMethodDelete', 'Common', 'Channel']|'WEB' is not one of ['OLBRetail', 'OLBBusiness', 'MobileRetail', 'MobileBusiness', 'Unknown', 'Other']
./Data/events.2022.03.30-13.48.39.json|MFAMethodDelete|['GAEvent', 'MFAMethodDelete', 'DeviceID']|None is not of type 'string'
./Data/events.2022.03.30-13.48.39.json|MFAMethodDelete|['GAEvent', 'MFAMethodDelete', 'MFAType']|'OTP' is not one of ['Question', 'Image', 'SecurityPhrase', 'Channel', 'Unknown', 'Other']
./Data/events.2022.03.30-13.48.39.json|MFAMethodDelete|['GAEvent', 'MFAMethodDelete', 'OOBAChannelTypeData']|'WEB' is not one of ['Phone', 'SMS', 'Email', 'App', 'Unknown', 'Other']
./Data/events.2022.03.30-13.48.39.json|MFAMethodDelete|['GAEvent', 'MFAMethodDelete', 'RetailSession', 'ImmutableUserID']|None is not of type 'string'
./Data/events.2022.03.30-13.48.39.json|MFAMethodDelete|['GAEvent', 'MFAMethodDelete', 'RetailSession', 'UTCTimestamp']|'2022-02-25T19:38:21.295814Z' is not of type 'integer'
./Data/events.2022.03.30-13.48.39.json|MFAMethodDelete|['GAEvent', 'MFAMethodDelete']|'PriorMFAType' is a required property
./Data/events.2022.03.30-13.48.39.json|MFAMethodDelete|['GAEvent', 'MFAMethodDelete', 'Common', 'Channel']|'WEB' is not one of ['OLBRetail', 'OLBBusiness', 'MobileRetail', 'MobileBusiness', 'Unknown', 'Other']
./Data/events.2022.03.30-13.48.39.json|MFAMethodDelete|['GAEvent', 'MFAMethodDelete', 'DeviceID']|None is not of type 'string'
./Data/events.2022.03.30-13.48.39.json|MFAMethodDelete|['GAEvent', 'MFAMethodDelete', 'MFAType']|'OTP' is not one of ['Question', 'Image', 'SecurityPhrase', 'Channel', 'Unknown', 'Other']
./Data/events.2022.03.30-13.48.39.json|MFAMethodDelete|['GAEvent', 'MFAMethodDelete', 'OOBAChannelTypeData']|'WEB' is not one of ['Phone', 'SMS', 'Email', 'App', 'Unknown', 'Other']
./Data/events.2022.03.30-13.48.39.json|MFAMethodDelete|['GAEvent', 'MFAMethodDelete', 'RetailSession', 'UTCTimestamp']|'2022-03-04T21:53:43.585553Z' is not of type 'integer'
./Data/events.2022.03.30-13.48.39.json|MFAMethodDelete|['GAEvent', 'MFAMethodDelete']|'PriorMFAType' is a required property
./Data/events.2022.03.30-13.48.39.json|Logout|['GAEvent', 'Logout', 'Common', 'Channel']|'WEB' is not one of ['OLBRetail', 'OLBBusiness', 'MobileRetail', 'MobileBusiness', 'Unknown', 'Other']
./Data/events.2022.03.30-13.48.39.json|Logout|['GAEvent', 'Logout', 'LogoutReason']|'WEB' is not one of ['SystemTimedOut', 'UserInitiated', 'Unknown', 'Other']
./Data/events.2022.03.30-13.48.39.json|Logout|['GAEvent', 'Logout', 'RetailSession', 'UTCTimestamp']|'2022-02-14T21:33:18.391818Z' is not of type 'integer'
./Data/events.2022.03.30-13.48.39.json|ChallengeResponse|['GAEvent', 'ChallengeResponse', 'ActivityAttempted']|'MFA' is not one of ['AccountMgt', 'ACH', 'BillPay', 'CheckImageView', 'Login', 'MFAOptionsChanged', 'PasswordChange', 'RemoteDepositCapture', 'SingleSignOn', 'Transfer', 'UserMgt', 'Wire', 'Other', 'Unknown']
./Data/events.2022.03.30-13.48.39.json|ChallengeResponse|['GAEvent', 'ChallengeResponse', 'ChallengeReason']|'Invalid MFA Attempts' is not one of ['DeviceUnrecognized', 'UserAccessRestricted', 'SystemOrAdminForcedReset', 'UserCausedReset', 'UserPreference', 'ActivityRestricted', 'Unknown', 'Other']
./Data/events.2022.03.30-13.48.39.json|ChallengeResponse|['GAEvent', 'ChallengeResponse', 'Common', 'Channel']|'WEB' is not one of ['OLBRetail', 'OLBBusiness', 'MobileRetail', 'MobileBusiness', 'Unknown', 'Other']
./Data/events.2022.03.30-13.48.39.json|ChallengeResponse|['GAEvent', 'ChallengeResponse', 'RetailSession', 'UTCTimestamp']|'2022-03-03T16:56:17.752450Z' is not of type 'integer'
./Data/events.2022.03.30-13.48.39.json|ChallengeResponse|['GAEvent', 'ChallengeResponse', 'State']|'SUCCESS' is not one of ['ChallengeRequested', 'Success', 'FailedAuthentication', 'TimedOut', 'Unknown', 'Other']
./Data/events.2022.03.30-13.48.39.json|ChallengeResponse|['GAEvent', 'ChallengeResponse']|'Duration' is a required property
./Data/events.2022.03.30-13.48.39.json|ChallengeResponse|['GAEvent', 'ChallengeResponse']|'BusinessSession' is a required property
./Data/events.2022.03.30-13.48.39.json|ChallengeResponse|['GAEvent', 'ChallengeResponse']|'MobileRetailSession' is a required property
./Data/events.2022.03.30-13.48.39.json|ChallengeResponse|['GAEvent', 'ChallengeResponse']|'MobileBusinessSession' is a required property
./Data/events.2022.03.30-13.48.39.json|MFAMethodCreate|['GAEvent', 'MFAMethodCreate', 'Common', 'Channel']|'WEB' is not one of ['OLBRetail', 'OLBBusiness', 'MobileRetail', 'MobileBusiness', 'Unknown', 'Other']
./Data/events.2022.03.30-13.48.39.json|MFAMethodCreate|['GAEvent', 'MFAMethodCreate', 'DeviceID']|None is not of type 'string'
./Data/events.2022.03.30-13.48.39.json|MFAMethodCreate|['GAEvent', 'MFAMethodCreate', 'MFAType']|'OTP' is not one of ['Question', 'Image', 'SecurityPhrase', 'Channel', 'Unknown', 'Other']
./Data/events.2022.03.30-13.48.39.json|MFAMethodCreate|['GAEvent', 'MFAMethodCreate', 'OOBAChannelTypeData']|'WEB' is not one of ['Phone', 'SMS', 'Email', 'App', 'Unknown', 'Other']
./Data/events.2022.03.30-13.48.39.json|MFAMethodCreate|['GAEvent', 'MFAMethodCreate', 'RetailSession', 'UTCTimestamp']|'2021-12-17T19:58:12.595406Z' is not of type 'integer'
./Data/events.2022.03.30-13.48.39.json|MFAMethodCreate|['GAEvent', 'MFAMethodCreate']|'PriorMFAType' is a required property
./Data/events.2022.03.30-13.48.39.json|UserEdit|['GAEvent', 'UserEdit', 'Attribute']|'Username Changed' is not one of ['eMail', 'Address', 'PhoneNumber', 'NameOnAccount', 'SignOnID', 'Limit', 'Permission', 'Role', 'Unknown', 'Other']
./Data/events.2022.03.30-13.48.39.json|UserEdit|['GAEvent', 'UserEdit', 'Common', 'Channel']|'WEB' is not one of ['OLBRetail', 'OLBBusiness', 'MobileRetail', 'MobileBusiness', 'Unknown', 'Other']
./Data/events.2022.03.30-13.48.39.json|UserEdit|['GAEvent', 'UserEdit', 'PriorValue']|None is not of type 'string'
./Data/events.2022.03.30-13.48.39.json|UserEdit|['GAEvent', 'UserEdit', 'RetailSession', 'UTCTimestamp']|'2021-12-17T19:52:24.277659Z' is not of type 'integer'
./Data/events.2022.03.30-13.48.39.json|PasswordChange|['GAEvent', 'PasswordChange', 'Common', 'Channel']|'WEB' is not one of ['OLBRetail', 'OLBBusiness', 'MobileRetail', 'MobileBusiness', 'Unknown', 'Other']
./Data/events.2022.03.30-13.48.39.json|PasswordChange|['GAEvent', 'PasswordChange', 'PasswordChangeReason']|'User Initiated' is not one of ['Forgotten', 'AdminReset', 'UserInitiated', 'Expired', 'Unknown', 'Other']
./Data/events.2022.03.30-13.48.39.json|PasswordChange|['GAEvent', 'PasswordChange', 'RetailSession', 'UTCTimestamp']|'2021-12-17T20:07:01.031511Z' is not of type 'integer'
./Data/events.2022.03.30-13.48.39.json|UserEdit|['GAEvent', 'UserEdit', 'Attribute']|'Biometric Authentication Disabled' is not one of ['eMail', 'Address', 'PhoneNumber', 'NameOnAccount', 'SignOnID', 'Limit', 'Permission', 'Role', 'Unknown', 'Other']
./Data/events.2022.03.30-13.48.39.json|UserEdit|['GAEvent', 'UserEdit', 'Common', 'Channel']|'MOBILE' is not one of ['OLBRetail', 'OLBBusiness', 'MobileRetail', 'MobileBusiness', 'Unknown', 'Other']
./Data/events.2022.03.30-13.48.39.json|UserEdit|['GAEvent', 'UserEdit', 'MobileRetailSession']|Additional properties are not allowed ('DeviceType', 'PhoneNumber', 'IP6Address' were unexpected)
./Data/events.2022.03.30-13.48.39.json|UserEdit|['GAEvent', 'UserEdit', 'MobileRetailSession', 'UTCTimestamp']|'2022-03-03T15:21:52.026857Z' is not of type 'integer'
./Data/events.2022.03.30-13.48.39.json|UserEdit|['GAEvent', 'UserEdit', 'MobileRetailSession']|Additional properties are not allowed ('DeviceID', 'IPAddress', 'SignOnID', 'IP6Address', 'Cookie', 'UTCTimestamp', 'UserAgentString', 'ImmutableUserID', 'SessionID' were unexpected)
./Data/events.2022.03.30-13.48.39.json|UserEdit|['GAEvent', 'UserEdit', 'MobileRetailSession']|'MobileChannel' is a required property
./Data/events.2022.03.30-13.48.39.json|UserEdit|['GAEvent', 'UserEdit', 'MobileRetailSession']|Additional properties are not allowed ('DeviceID', 'IPAddress', 'SignOnID', 'DeviceType', 'Cookie', 'IP6Address', 'UTCTimestamp', 'UserAgentString', 'ImmutableUserID', 'PhoneNumber', 'SessionID' were unexpected)
./Data/events.2022.03.30-13.48.39.json|UserEdit|['GAEvent', 'UserEdit', 'PriorValue']|None is not of type 'string'
./Data/events.2022.03.30-13.48.39.json|TransferSubmit|['GAEvent', 'TransferSubmit']|Additional properties are not allowed ('Period', 'ReceivingBankName', 'Recurring', 'OtherInstructions', 'StartDate', 'ToAccount', 'DestinationType', 'ReceivingBankID', 'Direction', 'AmountInUSDollars', 'StatusReason', 'ToAccountType', 'Recipient', 'TransferStatus', 'FromAccount', 'FromAccountType', 'EndDate' were unexpected)
./Data/events.2022.03.30-13.48.39.json|TransferSubmit|['GAEvent', 'TransferSubmit', 'Common', 'Channel']|'WEB' is not one of ['OLBRetail', 'OLBBusiness', 'MobileRetail', 'MobileBusiness', 'Unknown', 'Other']
./Data/events.2022.03.30-13.48.39.json|TransferSubmit|['GAEvent', 'TransferSubmit', 'RetailSession', 'UTCTimestamp']|'2022-02-14T21:45:19.914639Z' is not of type 'integer'
./Data/events.2022.03.30-13.48.39.json|TransferSubmit|['GAEvent', 'TransferSubmit', 'TemplateName']|None is not of type 'string'
./Data/events.2022.03.30-13.48.39.json|TransferSubmit|['GAEvent', 'TransferSubmit']|'EventFields' is a required property
./Data/events.2022.03.30-13.48.39.json|Informational|['GAEvent', 'Informational']|Additional properties are not allowed ('DisplayFields' was unexpected)
./Data/events.2022.03.30-13.48.39.json|Informational|['GAEvent', 'Informational', 'Common', 'Channel']|'WEB' is not one of ['OLBRetail', 'OLBBusiness', 'MobileRetail', 'MobileBusiness', 'Unknown', 'Other']
./Data/events.2022.03.30-13.48.39.json|Informational|['GAEvent', 'Informational', 'RetailSession', 'UTCTimestamp']|'2022-02-14T21:06:35.319795Z' is not of type 'integer'
./Data/events.2022.03.30-13.48.39.json|Informational|['GAEvent', 'Informational']|'BusinessSession' is a required property
./Data/events.2022.03.30-13.48.39.json|Informational|['GAEvent', 'Informational']|'MobileRetailSession' is a required property
./Data/events.2022.03.30-13.48.39.json|Informational|['GAEvent', 'Informational']|'MobileBusinessSession' is a required property
./Data/events.2022.03.30-13.48.39.json|BillPayEdit|['GAEvent', 'BillPayEdit']|Additional properties are not allowed ('PaymentType', 'Period', 'PayeeName', 'PayeeAddress', 'FromAccountRoutingNumber', 'PayeePhoneNumber', 'PaymentDate', 'Recurring', 'PaymentID', 'StartDate', 'SubscribersPayeeAccountNumber', 'FromAccountNumber', 'AmountInUSDollars', 'PayeeMatch', 'PayeeID', 'EndDate' were unexpected)
./Data/events.2022.03.30-13.48.39.json|BillPayEdit|['GAEvent', 'BillPayEdit', 'Common', 'Channel']|'WEB' is not one of ['OLBRetail', 'OLBBusiness', 'MobileRetail', 'MobileBusiness', 'Unknown', 'Other']
./Data/events.2022.03.30-13.48.39.json|BillPayEdit|['GAEvent', 'BillPayEdit', 'RetailSession', 'UTCTimestamp']|'2022-02-14T21:14:24.684453Z' is not of type 'integer'
./Data/events.2022.03.30-13.48.39.json|BillPayEdit|['GAEvent', 'BillPayEdit']|'EventFields' is a required property
./Data/events.2022.03.30-13.48.39.json|BillPayCreate|['GAEvent', 'BillPayCreate']|Additional properties are not allowed ('PaymentType', 'Period', 'PayeeName', 'PayeeAddress', 'FromAccountRoutingNumber', 'PayeePhoneNumber', 'PaymentDate', 'Recurring', 'PaymentID', 'StartDate', 'SubscribersPayeeAccountNumber', 'FromAccountNumber', 'AmountInUSDollars', 'PayeeMatch', 'PayeeID', 'EndDate' were unexpected)
./Data/events.2022.03.30-13.48.39.json|BillPayCreate|['GAEvent', 'BillPayCreate', 'Common', 'Channel']|'WEB' is not one of ['OLBRetail', 'OLBBusiness', 'MobileRetail', 'MobileBusiness', 'Unknown', 'Other']
./Data/events.2022.03.30-13.48.39.json|BillPayCreate|['GAEvent', 'BillPayCreate', 'RetailSession', 'UTCTimestamp']|'2022-02-14T21:11:45.598491Z' is not of type 'integer'
./Data/events.2022.03.30-13.48.39.json|BillPayCreate|['GAEvent', 'BillPayCreate']|'EventFields' is a required property
./Data/events.2022.03.30-13.48.39.json|BillPayCreate|['GAEvent', 'BillPayCreate']|Additional properties are not allowed ('PaymentType', 'Period', 'PayeeName', 'PayeeAddress', 'FromAccountRoutingNumber', 'PayeePhoneNumber', 'PaymentDate', 'Recurring', 'PaymentID', 'StartDate', 'SubscribersPayeeAccountNumber', 'FromAccountNumber', 'AmountInUSDollars', 'PayeeMatch', 'PayeeID', 'EndDate' were unexpected)
./Data/events.2022.03.30-13.48.39.json|BillPayCreate|['GAEvent', 'BillPayCreate', 'Common', 'Channel']|'WEB' is not one of ['OLBRetail', 'OLBBusiness', 'MobileRetail', 'MobileBusiness', 'Unknown', 'Other']
./Data/events.2022.03.30-13.48.39.json|BillPayCreate|['GAEvent', 'BillPayCreate', 'RetailSession', 'UTCTimestamp']|'2022-02-14T21:24:52.667817Z' is not of type 'integer'
./Data/events.2022.03.30-13.48.39.json|BillPayCreate|['GAEvent', 'BillPayCreate']|'EventFields' is a required property
./Data/events.2022.03.30-13.48.39.json|TransferDelete|['GAEvent', 'TransferDelete', 'Common', 'Channel']|'WEB' is not one of ['OLBRetail', 'OLBBusiness', 'MobileRetail', 'MobileBusiness', 'Unknown', 'Other']
./Data/events.2022.03.30-13.48.39.json|TransferDelete|['GAEvent', 'TransferDelete', 'RetailSession', 'UTCTimestamp']|'2022-02-14T21:52:05.806913Z' is not of type 'integer'
./Data/events.2022.03.30-13.48.39.json|TransferDelete|['GAEvent', 'TransferDelete', 'Common', 'Channel']|'WEB' is not one of ['OLBRetail', 'OLBBusiness', 'MobileRetail', 'MobileBusiness', 'Unknown', 'Other']
./Data/events.2022.03.30-13.48.39.json|TransferDelete|['GAEvent', 'TransferDelete', 'RetailSession', 'UTCTimestamp']|'2021-12-17T17:56:37.986653Z' is not of type 'integer'
./Data/events.2022.03.30-13.48.39.json|TransferEdit|['GAEvent', 'TransferEdit']|Additional properties are not allowed ('Period', 'ReceivingBankName', 'Recurring', 'OtherInstructions', 'StartDate', 'ToAccount', 'DestinationType', 'ReceivingBankID', 'Direction', 'AmountInUSDollars', 'StatusReason', 'ToAccountType', 'Recipient', 'TransferStatus', 'FromAccount', 'FromAccountType', 'EndDate' were unexpected)
./Data/events.2022.03.30-13.48.39.json|TransferEdit|['GAEvent', 'TransferEdit', 'Common', 'Channel']|'WEB' is not one of ['OLBRetail', 'OLBBusiness', 'MobileRetail', 'MobileBusiness', 'Unknown', 'Other']
./Data/events.2022.03.30-13.48.39.json|TransferEdit|['GAEvent', 'TransferEdit', 'RetailSession', 'UTCTimestamp']|'2021-12-17T18:36:11.482099Z' is not of type 'integer'
./Data/events.2022.03.30-13.48.39.json|TransferEdit|['GAEvent', 'TransferEdit', 'TemplateName']|None is not of type 'string'
./Data/events.2022.03.30-13.48.39.json|TransferEdit|['GAEvent', 'TransferEdit']|'EventFields' is a required property
./Data/events.2022.03.30-13.48.39.json|TransferSubmit|['GAEvent', 'TransferSubmit']|Additional properties are not allowed ('Period', 'ReceivingBankName', 'Recurring', 'OtherInstructions', 'StartDate', 'ToAccount', 'DestinationType', 'ReceivingBankID', 'Direction', 'AmountInUSDollars', 'StatusReason', 'ToAccountType', 'Recipient', 'TransferStatus', 'FromAccount', 'FromAccountType', 'EndDate' were unexpected)
./Data/events.2022.03.30-13.48.39.json|TransferSubmit|['GAEvent', 'TransferSubmit', 'Common', 'Channel']|'WEB' is not one of ['OLBRetail', 'OLBBusiness', 'MobileRetail', 'MobileBusiness', 'Unknown', 'Other']
./Data/events.2022.03.30-13.48.39.json|TransferSubmit|['GAEvent', 'TransferSubmit', 'RetailSession', 'UTCTimestamp']|'2022-02-14T18:50:42.057348Z' is not of type 'integer'
./Data/events.2022.03.30-13.48.39.json|TransferSubmit|['GAEvent', 'TransferSubmit', 'TemplateName']|None is not of type 'string'
./Data/events.2022.03.30-13.48.39.json|TransferSubmit|['GAEvent', 'TransferSubmit']|'EventFields' is a required property
./Data/events.2022.03.30-13.48.39.json|TransferSubmit|['GAEvent', 'TransferSubmit']|Additional properties are not allowed ('Period', 'ReceivingBankName', 'Recurring', 'OtherInstructions', 'StartDate', 'ToAccount', 'DestinationType', 'ReceivingBankID', 'Direction', 'AmountInUSDollars', 'StatusReason', 'ToAccountType', 'Recipient', 'TransferStatus', 'FromAccount', 'FromAccountType', 'EndDate' were unexpected)
./Data/events.2022.03.30-13.48.39.json|TransferSubmit|['GAEvent', 'TransferSubmit', 'Common', 'Channel']|'WEB' is not one of ['OLBRetail', 'OLBBusiness', 'MobileRetail', 'MobileBusiness', 'Unknown', 'Other']
./Data/events.2022.03.30-13.48.39.json|TransferSubmit|['GAEvent', 'TransferSubmit', 'RetailSession', 'UTCTimestamp']|'2022-02-14T21:45:19.914639Z' is not of type 'integer'
./Data/events.2022.03.30-13.48.39.json|TransferSubmit|['GAEvent', 'TransferSubmit', 'TemplateName']|None is not of type 'string'
./Data/events.2022.03.30-13.48.39.json|TransferSubmit|['GAEvent', 'TransferSubmit']|'EventFields' is a required property
./Data/events.2022.03.30-13.48.39.json|TransferCreate|['GAEvent', 'TransferCreate']|Additional properties are not allowed ('Period', 'ReceivingBankName', 'Recurring', 'OtherInstructions', 'StartDate', 'ToAccount', 'DestinationType', 'ReceivingBankID', 'Direction', 'AmountInUSDollars', 'StatusReason', 'ToAccountType', 'Recipient', 'TransferStatus', 'FromAccount', 'FromAccountType', 'EndDate' were unexpected)
./Data/events.2022.03.30-13.48.39.json|TransferCreate|['GAEvent', 'TransferCreate', 'Common', 'Channel']|'WEB' is not one of ['OLBRetail', 'OLBBusiness', 'MobileRetail', 'MobileBusiness', 'Unknown', 'Other']
./Data/events.2022.03.30-13.48.39.json|TransferCreate|['GAEvent', 'TransferCreate', 'RetailSession', 'UTCTimestamp']|'2022-02-14T21:48:44.406379Z' is not of type 'integer'
./Data/events.2022.03.30-13.48.39.json|TransferCreate|['GAEvent', 'TransferCreate', 'TemplateName']|None is not of type 'string'
./Data/events.2022.03.30-13.48.39.json|TransferCreate|['GAEvent', 'TransferCreate']|'EventFields' is a required property
./Data/events.2022.03.30-13.48.39.json|TransferCreate|['GAEvent', 'TransferCreate']|Additional properties are not allowed ('Period', 'ReceivingBankName', 'Recurring', 'OtherInstructions', 'StartDate', 'ToAccount', 'DestinationType', 'ReceivingBankID', 'Direction', 'AmountInUSDollars', 'StatusReason', 'ToAccountType', 'Recipient', 'TransferStatus', 'FromAccount', 'FromAccountType', 'EndDate' were unexpected)
./Data/events.2022.03.30-13.48.39.json|TransferCreate|['GAEvent', 'TransferCreate', 'Common', 'Channel']|'WEB' is not one of ['OLBRetail', 'OLBBusiness', 'MobileRetail', 'MobileBusiness', 'Unknown', 'Other']
./Data/events.2022.03.30-13.48.39.json|TransferCreate|['GAEvent', 'TransferCreate', 'RetailSession', 'UTCTimestamp']|'2022-02-14T21:45:17.648807Z' is not of type 'integer'
./Data/events.2022.03.30-13.48.39.json|TransferCreate|['GAEvent', 'TransferCreate', 'TemplateName']|None is not of type 'string'
./Data/events.2022.03.30-13.48.39.json|TransferCreate|['GAEvent', 'TransferCreate']|'EventFields' is a required property
./Data/events.2022.03.30-13.48.39.json|PayeeCreate|['GAEvent', 'PayeeCreate', 'Common', 'Channel']|'WEB' is not one of ['OLBRetail', 'OLBBusiness', 'MobileRetail', 'MobileBusiness', 'Unknown', 'Other']
./Data/events.2022.03.30-13.48.39.json|PayeeCreate|['GAEvent', 'PayeeCreate', 'RetailSession', 'UTCTimestamp']|'2021-12-17T18:21:07.703398Z' is not of type 'integer'
./Data/events.2022.03.30-13.48.39.json|PayeeCreate|['GAEvent', 'PayeeCreate']|'PayeeAddress' is a required property
./Data/events.2022.03.30-13.48.39.json|PayeeDelete|['GAEvent', 'PayeeDelete', 'Common', 'Channel']|'WEB' is not one of ['OLBRetail', 'OLBBusiness', 'MobileRetail', 'MobileBusiness', 'Unknown', 'Other']
./Data/events.2022.03.30-13.48.39.json|PayeeDelete|['GAEvent', 'PayeeDelete', 'RetailSession', 'UTCTimestamp']|'2022-02-24T21:15:10.248090Z' is not of type 'integer'
./Data/events.2022.03.30-13.48.39.json|PayeeDelete|['GAEvent', 'PayeeDelete']|'PayeeAddress' is a required property
./Data/events.2022.03.30-13.48.39.json|PayeeEdit|['GAEvent', 'PayeeEdit', 'Common', 'Channel']|'WEB' is not one of ['OLBRetail', 'OLBBusiness', 'MobileRetail', 'MobileBusiness', 'Unknown', 'Other']
./Data/events.2022.03.30-13.48.39.json|PayeeEdit|['GAEvent', 'PayeeEdit', 'RetailSession', 'UTCTimestamp']|'2021-12-17T18:19:43.305952Z' is not of type 'integer'
./Data/events.2022.03.30-13.48.39.json|PayeeEdit|['GAEvent', 'PayeeEdit']|'PayeeAddress' is a required property
./Data/events.2022.03.30-13.48.39.json|BillPayCreate|['GAEvent', 'BillPayCreate']|Additional properties are not allowed ('PaymentType', 'Period', 'PayeeName', 'PayeeAddress', 'FromAccountRoutingNumber', 'PayeePhoneNumber', 'PaymentDate', 'Recurring', 'PaymentID', 'StartDate', 'SubscribersPayeeAccountNumber', 'FromAccountNumber', 'AmountInUSDollars', 'PayeeMatch', 'PayeeID', 'EndDate' were unexpected)
./Data/events.2022.03.30-13.48.39.json|BillPayCreate|['GAEvent', 'BillPayCreate', 'Common', 'Channel']|'WEB' is not one of ['OLBRetail', 'OLBBusiness', 'MobileRetail', 'MobileBusiness', 'Unknown', 'Other']
./Data/events.2022.03.30-13.48.39.json|BillPayCreate|['GAEvent', 'BillPayCreate', 'RetailSession', 'UTCTimestamp']|'2022-02-23T04:10:50.060606Z' is not of type 'integer'
./Data/events.2022.03.30-13.48.39.json|BillPayCreate|['GAEvent', 'BillPayCreate']|'EventFields' is a required property
./Data/events.2022.03.30-13.48.39.json|BillPayEdit|['GAEvent', 'BillPayEdit']|Additional properties are not allowed ('PaymentType', 'Period', 'PayeeName', 'PayeeAddress', 'FromAccountRoutingNumber', 'PayeePhoneNumber', 'PaymentDate', 'Recurring', 'PaymentID', 'StartDate', 'SubscribersPayeeAccountNumber', 'FromAccountNumber', 'AmountInUSDollars', 'PayeeMatch', 'PayeeID', 'EndDate' were unexpected)
./Data/events.2022.03.30-13.48.39.json|BillPayEdit|['GAEvent', 'BillPayEdit', 'Common', 'Channel']|'WEB' is not one of ['OLBRetail', 'OLBBusiness', 'MobileRetail', 'MobileBusiness', 'Unknown', 'Other']
./Data/events.2022.03.30-13.48.39.json|BillPayEdit|['GAEvent', 'BillPayEdit', 'RetailSession', 'UTCTimestamp']|'2022-03-30T14:17:42.660153Z' is not of type 'integer'
./Data/events.2022.03.30-13.48.39.json|BillPayEdit|['GAEvent', 'BillPayEdit']|'EventFields' is a required property
./Data/events.2022.03.30-13.48.39.json|TransferDelete|['GAEvent', 'TransferDelete', 'Common', 'Channel']|'WEB' is not one of ['OLBRetail', 'OLBBusiness', 'MobileRetail', 'MobileBusiness', 'Unknown', 'Other']
./Data/events.2022.03.30-13.48.39.json|TransferDelete|['GAEvent', 'TransferDelete', 'RetailSession', 'UTCTimestamp']|'2022-02-14T21:53:57.488756Z' is not of type 'integer'
./Data/events.2022.03.30-13.48.39.json|TransferDelete|['GAEvent', 'TransferDelete', 'Common', 'Channel']|'WEB' is not one of ['OLBRetail', 'OLBBusiness', 'MobileRetail', 'MobileBusiness', 'Unknown', 'Other']
./Data/events.2022.03.30-13.48.39.json|TransferDelete|['GAEvent', 'TransferDelete', 'RetailSession', 'UTCTimestamp']|'2022-03-01T22:38:17.635098Z' is not of type 'integer'
./Data/events.2022.03.30-13.48.39.json|TransferEdit|['GAEvent', 'TransferEdit']|Additional properties are not allowed ('Period', 'ReceivingBankName', 'Recurring', 'OtherInstructions', 'StartDate', 'ToAccount', 'DestinationType', 'ReceivingBankID', 'Direction', 'AmountInUSDollars', 'StatusReason', 'ToAccountType', 'Recipient', 'TransferStatus', 'FromAccount', 'FromAccountType', 'EndDate' were unexpected)
./Data/events.2022.03.30-13.48.39.json|TransferEdit|['GAEvent', 'TransferEdit', 'Common', 'Channel']|'WEB' is not one of ['OLBRetail', 'OLBBusiness', 'MobileRetail', 'MobileBusiness', 'Unknown', 'Other']
./Data/events.2022.03.30-13.48.39.json|TransferEdit|['GAEvent', 'TransferEdit', 'RetailSession', 'UTCTimestamp']|'2022-02-24T21:05:54.090323Z' is not of type 'integer'
./Data/events.2022.03.30-13.48.39.json|TransferEdit|['GAEvent', 'TransferEdit', 'TemplateName']|None is not of type 'string'
./Data/events.2022.03.30-13.48.39.json|TransferEdit|['GAEvent', 'TransferEdit']|'EventFields' is a required property
./Data/events.2022.03.30-13.48.39.json|TransferEdit|['GAEvent', 'TransferEdit']|Additional properties are not allowed ('Period', 'ReceivingBankName', 'Recurring', 'OtherInstructions', 'StartDate', 'ToAccount', 'DestinationType', 'ReceivingBankID', 'Direction', 'AmountInUSDollars', 'StatusReason', 'ToAccountType', 'Recipient', 'TransferStatus', 'FromAccount', 'FromAccountType', 'EndDate' were unexpected)
./Data/events.2022.03.30-13.48.39.json|TransferEdit|['GAEvent', 'TransferEdit', 'Common', 'Channel']|'WEB' is not one of ['OLBRetail', 'OLBBusiness', 'MobileRetail', 'MobileBusiness', 'Unknown', 'Other']
./Data/events.2022.03.30-13.48.39.json|TransferEdit|['GAEvent', 'TransferEdit', 'RetailSession', 'UTCTimestamp']|'2022-03-01T22:27:15.500822Z' is not of type 'integer'
./Data/events.2022.03.30-13.48.39.json|TransferEdit|['GAEvent', 'TransferEdit', 'TemplateName']|None is not of type 'string'
./Data/events.2022.03.30-13.48.39.json|TransferEdit|['GAEvent', 'TransferEdit']|'EventFields' is a required property
./Data/events.2022.03.30-13.48.39.json|TransferEdit|['GAEvent', 'TransferEdit']|Additional properties are not allowed ('Period', 'ReceivingBankName', 'Recurring', 'OtherInstructions', 'StartDate', 'ToAccount', 'DestinationType', 'ReceivingBankID', 'Direction', 'AmountInUSDollars', 'StatusReason', 'ToAccountType', 'Recipient', 'TransferStatus', 'FromAccount', 'FromAccountType', 'EndDate' were unexpected)
./Data/events.2022.03.30-13.48.39.json|TransferEdit|['GAEvent', 'TransferEdit', 'Common', 'Channel']|'WEB' is not one of ['OLBRetail', 'OLBBusiness', 'MobileRetail', 'MobileBusiness', 'Unknown', 'Other']
./Data/events.2022.03.30-13.48.39.json|TransferEdit|['GAEvent', 'TransferEdit', 'RetailSession', 'UTCTimestamp']|'2022-02-24T21:05:54.090323Z' is not of type 'integer'
./Data/events.2022.03.30-13.48.39.json|TransferEdit|['GAEvent', 'TransferEdit', 'TemplateName']|None is not of type 'string'
./Data/events.2022.03.30-13.48.39.json|TransferEdit|['GAEvent', 'TransferEdit']|'EventFields' is a required property
./Data/events.2022.03.30-13.48.39.json|TransferCreate|['GAEvent', 'TransferCreate']|Additional properties are not allowed ('Period', 'ReceivingBankName', 'Recurring', 'OtherInstructions', 'StartDate', 'ToAccount', 'DestinationType', 'ReceivingBankID', 'Direction', 'AmountInUSDollars', 'StatusReason', 'ToAccountType', 'Recipient', 'TransferStatus', 'FromAccount', 'FromAccountType', 'EndDate' were unexpected)
./Data/events.2022.03.30-13.48.39.json|TransferCreate|['GAEvent', 'TransferCreate', 'Common', 'Channel']|'WEB' is not one of ['OLBRetail', 'OLBBusiness', 'MobileRetail', 'MobileBusiness', 'Unknown', 'Other']
./Data/events.2022.03.30-13.48.39.json|TransferCreate|['GAEvent', 'TransferCreate', 'RetailSession', 'UTCTimestamp']|'2022-02-14T21:48:44.388346Z' is not of type 'integer'
./Data/events.2022.03.30-13.48.39.json|TransferCreate|['GAEvent', 'TransferCreate', 'TemplateName']|None is not of type 'string'
./Data/events.2022.03.30-13.48.39.json|TransferCreate|['GAEvent', 'TransferCreate']|'EventFields' is a required property
./Data/events.2022.03.30-13.48.39.json|TransferCreate|['GAEvent', 'TransferCreate']|Additional properties are not allowed ('Period', 'ReceivingBankName', 'Recurring', 'OtherInstructions', 'StartDate', 'ToAccount', 'DestinationType', 'ReceivingBankID', 'Direction', 'AmountInUSDollars', 'StatusReason', 'ToAccountType', 'Recipient', 'TransferStatus', 'FromAccount', 'FromAccountType', 'EndDate' were unexpected)
./Data/events.2022.03.30-13.48.39.json|TransferCreate|['GAEvent', 'TransferCreate', 'Common', 'Channel']|'WEB' is not one of ['OLBRetail', 'OLBBusiness', 'MobileRetail', 'MobileBusiness', 'Unknown', 'Other']
./Data/events.2022.03.30-13.48.39.json|TransferCreate|['GAEvent', 'TransferCreate', 'RetailSession', 'UTCTimestamp']|'2022-03-01T17:43:04.177429Z' is not of type 'integer'
./Data/events.2022.03.30-13.48.39.json|TransferCreate|['GAEvent', 'TransferCreate', 'TemplateName']|None is not of type 'string'
./Data/events.2022.03.30-13.48.39.json|TransferCreate|['GAEvent', 'TransferCreate']|'EventFields' is a required property
./Data/events.2022.03.30-13.48.39.json|PayeeCreate|['GAEvent', 'PayeeCreate', 'Common', 'Channel']|'WEB' is not one of ['OLBRetail', 'OLBBusiness', 'MobileRetail', 'MobileBusiness', 'Unknown', 'Other']
./Data/events.2022.03.30-13.48.39.json|PayeeCreate|['GAEvent', 'PayeeCreate', 'RetailSession', 'UTCTimestamp']|'2022-02-23T20:47:51.714398Z' is not of type 'integer'
./Data/events.2022.03.30-13.48.39.json|PayeeCreate|['GAEvent', 'PayeeCreate']|'PayeeAddress' is a required property
./Data/events.2022.03.30-13.48.39.json|TransferDelete|['GAEvent', 'TransferDelete', 'Common', 'Channel']|'WEB' is not one of ['OLBRetail', 'OLBBusiness', 'MobileRetail', 'MobileBusiness', 'Unknown', 'Other']
./Data/events.2022.03.30-13.48.39.json|TransferDelete|['GAEvent', 'TransferDelete', 'RetailSession', 'UTCTimestamp']|'2022-03-01T17:44:18.644522Z' is not of type 'integer'
./Data/events.2022.03.30-13.48.39.json|TransferEdit|['GAEvent', 'TransferEdit']|Additional properties are not allowed ('Period', 'ReceivingBankName', 'Recurring', 'OtherInstructions', 'StartDate', 'ToAccount', 'DestinationType', 'ReceivingBankID', 'Direction', 'AmountInUSDollars', 'StatusReason', 'ToAccountType', 'Recipient', 'TransferStatus', 'FromAccount', 'FromAccountType', 'EndDate' were unexpected)
./Data/events.2022.03.30-13.48.39.json|TransferEdit|['GAEvent', 'TransferEdit', 'Common', 'Channel']|'WEB' is not one of ['OLBRetail', 'OLBBusiness', 'MobileRetail', 'MobileBusiness', 'Unknown', 'Other']
./Data/events.2022.03.30-13.48.39.json|TransferEdit|['GAEvent', 'TransferEdit', 'RetailSession', 'UTCTimestamp']|'2022-03-01T17:42:19.380326Z' is not of type 'integer'
./Data/events.2022.03.30-13.48.39.json|TransferEdit|['GAEvent', 'TransferEdit', 'TemplateName']|None is not of type 'string'
./Data/events.2022.03.30-13.48.39.json|TransferEdit|['GAEvent', 'TransferEdit']|'EventFields' is a required property
./Data/events.2022.03.30-13.48.39.json|TransferCreate|['GAEvent', 'TransferCreate']|Additional properties are not allowed ('Period', 'ReceivingBankName', 'Recurring', 'OtherInstructions', 'StartDate', 'ToAccount', 'DestinationType', 'ReceivingBankID', 'Direction', 'AmountInUSDollars', 'StatusReason', 'ToAccountType', 'Recipient', 'TransferStatus', 'FromAccount', 'FromAccountType', 'EndDate' were unexpected)
./Data/events.2022.03.30-13.48.39.json|TransferCreate|['GAEvent', 'TransferCreate', 'Common', 'Channel']|'WEB' is not one of ['OLBRetail', 'OLBBusiness', 'MobileRetail', 'MobileBusiness', 'Unknown', 'Other']
./Data/events.2022.03.30-13.48.39.json|TransferCreate|['GAEvent', 'TransferCreate', 'RetailSession', 'UTCTimestamp']|'2022-03-01T17:18:14.370740Z' is not of type 'integer'
./Data/events.2022.03.30-13.48.39.json|TransferCreate|['GAEvent', 'TransferCreate', 'TemplateName']|None is not of type 'string'
./Data/events.2022.03.30-13.48.39.json|TransferCreate|['GAEvent', 'TransferCreate']|'EventFields' is a required property
./Data/events.2022.03.30-13.48.39.json|RemoteDepositCapture|['GAEvent', 'RemoteDepositCapture']|Additional properties are not allowed ('ToAccount', 'FromBankID', 'FromAccount', 'RemoteDepositStatus', 'AmountInUSDollars' were unexpected)
./Data/events.2022.03.30-13.48.39.json|RemoteDepositCapture|['GAEvent', 'RemoteDepositCapture', 'Common', 'Channel']|'MOBILE' is not one of ['OLBRetail', 'OLBBusiness', 'MobileRetail', 'MobileBusiness', 'Unknown', 'Other']
./Data/events.2022.03.30-13.48.39.json|RemoteDepositCapture|['GAEvent', 'RemoteDepositCapture', 'MobileRetailSession']|Additional properties are not allowed ('DeviceType', 'PhoneNumber', 'IP6Address' were unexpected)
./Data/events.2022.03.30-13.48.39.json|RemoteDepositCapture|['GAEvent', 'RemoteDepositCapture', 'MobileRetailSession', 'UTCTimestamp']|'2022-03-04T17:40:14.220615Z' is not of type 'integer'
./Data/events.2022.03.30-13.48.39.json|RemoteDepositCapture|['GAEvent', 'RemoteDepositCapture', 'MobileRetailSession']|Additional properties are not allowed ('DeviceID', 'IPAddress', 'SignOnID', 'IP6Address', 'Cookie', 'UTCTimestamp', 'UserAgentString', 'ImmutableUserID', 'SessionID' were unexpected)
./Data/events.2022.03.30-13.48.39.json|RemoteDepositCapture|['GAEvent', 'RemoteDepositCapture', 'MobileRetailSession']|'MobileChannel' is a required property
./Data/events.2022.03.30-13.48.39.json|RemoteDepositCapture|['GAEvent', 'RemoteDepositCapture', 'MobileRetailSession']|Additional properties are not allowed ('DeviceID', 'IPAddress', 'SignOnID', 'DeviceType', 'Cookie', 'IP6Address', 'UTCTimestamp', 'UserAgentString', 'ImmutableUserID', 'PhoneNumber', 'SessionID' were unexpected)
./Data/events.2022.03.30-13.48.39.json|RemoteDepositCapture|['GAEvent', 'RemoteDepositCapture']|'EventFields' is a required property
./Data/events.2022.03.30-13.48.39.json|SingleSignOn|['GAEvent', 'SingleSignOn', 'Common', 'Channel']|'WEB' is not one of ['OLBRetail', 'OLBBusiness', 'MobileRetail', 'MobileBusiness', 'Unknown', 'Other']
./Data/events.2022.03.30-13.48.39.json|SingleSignOn|['GAEvent', 'SingleSignOn', 'RetailSession', 'UTCTimestamp']|'2022-02-14T20:35:41.416301Z' is not of type 'integer'
./Data/events.2022.03.30-13.48.39.json|SingleSignOn|['GAEvent', 'SingleSignOn', 'Common', 'Channel']|'WEB' is not one of ['OLBRetail', 'OLBBusiness', 'MobileRetail', 'MobileBusiness', 'Unknown', 'Other']
./Data/events.2022.03.30-13.48.39.json|SingleSignOn|['GAEvent', 'SingleSignOn', 'RetailSession', 'UTCTimestamp']|'2022-02-14T15:33:38.329400Z' is not of type 'integer'
./Data/events.2022.03.30-13.48.39.json|SingleSignOn|['GAEvent', 'SingleSignOn', 'Common', 'Channel']|'WEB' is not one of ['OLBRetail', 'OLBBusiness', 'MobileRetail', 'MobileBusiness', 'Unknown', 'Other']
./Data/events.2022.03.30-13.48.39.json|SingleSignOn|['GAEvent', 'SingleSignOn', 'RetailSession', 'UTCTimestamp']|'2022-03-04T22:37:28.189284Z' is not of type 'integer'
./Data/events.2022.03.30-13.48.39.json|UserEdit|['GAEvent', 'UserEdit', 'Attribute']|'Biometric Authentication Enabled' is not one of ['eMail', 'Address', 'PhoneNumber', 'NameOnAccount', 'SignOnID', 'Limit', 'Permission', 'Role', 'Unknown', 'Other']
./Data/events.2022.03.30-13.48.39.json|UserEdit|['GAEvent', 'UserEdit', 'Common', 'Channel']|'MOBILE' is not one of ['OLBRetail', 'OLBBusiness', 'MobileRetail', 'MobileBusiness', 'Unknown', 'Other']
./Data/events.2022.03.30-13.48.39.json|UserEdit|['GAEvent', 'UserEdit', 'MobileRetailSession']|Additional properties are not allowed ('DeviceType', 'PhoneNumber', 'IP6Address' were unexpected)
./Data/events.2022.03.30-13.48.39.json|UserEdit|['GAEvent', 'UserEdit', 'MobileRetailSession', 'UTCTimestamp']|'2022-03-03T15:18:31.640442Z' is not of type 'integer'
./Data/events.2022.03.30-13.48.39.json|UserEdit|['GAEvent', 'UserEdit', 'MobileRetailSession']|Additional properties are not allowed ('DeviceID', 'IPAddress', 'SignOnID', 'IP6Address', 'Cookie', 'UTCTimestamp', 'UserAgentString', 'ImmutableUserID', 'SessionID' were unexpected)
./Data/events.2022.03.30-13.48.39.json|UserEdit|['GAEvent', 'UserEdit', 'MobileRetailSession']|'MobileChannel' is a required property
./Data/events.2022.03.30-13.48.39.json|UserEdit|['GAEvent', 'UserEdit', 'MobileRetailSession']|Additional properties are not allowed ('DeviceID', 'IPAddress', 'SignOnID', 'DeviceType', 'Cookie', 'IP6Address', 'UTCTimestamp', 'UserAgentString', 'ImmutableUserID', 'PhoneNumber', 'SessionID' were unexpected)
./Data/events.2022.03.30-13.48.39.json|UserEdit|['GAEvent', 'UserEdit', 'PriorValue']|None is not of type 'string'
./Data/events.2022.03.30-13.48.39.json|UserEdit|['GAEvent', 'UserEdit', 'Attribute']|'Biometric Authentication Enabled' is not one of ['eMail', 'Address', 'PhoneNumber', 'NameOnAccount', 'SignOnID', 'Limit', 'Permission', 'Role', 'Unknown', 'Other']
./Data/events.2022.03.30-13.48.39.json|UserEdit|['GAEvent', 'UserEdit', 'Common', 'Channel']|'MOBILE' is not one of ['OLBRetail', 'OLBBusiness', 'MobileRetail', 'MobileBusiness', 'Unknown', 'Other']
./Data/events.2022.03.30-13.48.39.json|UserEdit|['GAEvent', 'UserEdit', 'MobileRetailSession']|Additional properties are not allowed ('DeviceType', 'PhoneNumber', 'IP6Address' were unexpected)
./Data/events.2022.03.30-13.48.39.json|UserEdit|['GAEvent', 'UserEdit', 'MobileRetailSession', 'UTCTimestamp']|'2022-03-23T19:38:53.690587Z' is not of type 'integer'
./Data/events.2022.03.30-13.48.39.json|UserEdit|['GAEvent', 'UserEdit', 'MobileRetailSession']|Additional properties are not allowed ('DeviceID', 'IPAddress', 'SignOnID', 'IP6Address', 'Cookie', 'UTCTimestamp', 'UserAgentString', 'ImmutableUserID', 'SessionID' were unexpected)
./Data/events.2022.03.30-13.48.39.json|UserEdit|['GAEvent', 'UserEdit', 'MobileRetailSession']|'MobileChannel' is a required property
./Data/events.2022.03.30-13.48.39.json|UserEdit|['GAEvent', 'UserEdit', 'MobileRetailSession']|Additional properties are not allowed ('DeviceID', 'IPAddress', 'SignOnID', 'DeviceType', 'Cookie', 'IP6Address', 'UTCTimestamp', 'UserAgentString', 'ImmutableUserID', 'PhoneNumber', 'SessionID' were unexpected)
./Data/events.2022.03.30-13.48.39.json|UserEdit|['GAEvent', 'UserEdit', 'PriorValue']|None is not of type 'string'
./Data/events.2022.03.30-13.48.39.json|UserEdit|['GAEvent', 'UserEdit', 'Attribute']|'Username Changed' is not one of ['eMail', 'Address', 'PhoneNumber', 'NameOnAccount', 'SignOnID', 'Limit', 'Permission', 'Role', 'Unknown', 'Other']
./Data/events.2022.03.30-13.48.39.json|UserEdit|['GAEvent', 'UserEdit', 'Common', 'Channel']|'WEB' is not one of ['OLBRetail', 'OLBBusiness', 'MobileRetail', 'MobileBusiness', 'Unknown', 'Other']
./Data/events.2022.03.30-13.48.39.json|UserEdit|['GAEvent', 'UserEdit', 'PriorValue']|None is not of type 'string'
./Data/events.2022.03.30-13.48.39.json|UserEdit|['GAEvent', 'UserEdit', 'RetailSession', 'UTCTimestamp']|'2021-12-17T19:56:44.656873Z' is not of type 'integer'
./Data/events.2022.03.30-13.48.39.json|UserEnrollmentCreate|['GAEvent', 'UserEnrollmentCreate', 'Common', 'Channel']|'WEB' is not one of ['OLBRetail', 'OLBBusiness', 'MobileRetail', 'MobileBusiness', 'Unknown', 'Other']
./Data/events.2022.03.30-13.48.39.json|UserEnrollmentCreate|['GAEvent', 'UserEnrollmentCreate', 'RetailSession', 'UTCTimestamp']|'2021-12-17T19:57:06.860523Z' is not of type 'integer'
./Data/events.2022.03.30-13.48.39.json|UserEnrollmentCreate|['GAEvent', 'UserEnrollmentCreate', 'SystemName']|'D3' is not one of ['BankingChannel', 'TransferMethod', 'AccountUpgrade', 'Unknown', 'Other']
./Data/events.2022.03.30-13.48.39.json|UserEnrollmentCreate|['GAEvent', 'UserEnrollmentCreate', 'Common', 'Channel']|'WEB' is not one of ['OLBRetail', 'OLBBusiness', 'MobileRetail', 'MobileBusiness', 'Unknown', 'Other']
./Data/events.2022.03.30-13.48.39.json|UserEnrollmentCreate|['GAEvent', 'UserEnrollmentCreate', 'RetailSession', 'UTCTimestamp']|'2022-03-08T00:28:33.472348Z' is not of type 'integer'
./Data/events.2022.03.30-13.48.39.json|UserEnrollmentCreate|['GAEvent', 'UserEnrollmentCreate', 'SystemName']|'D3' is not one of ['BankingChannel', 'TransferMethod', 'AccountUpgrade', 'Unknown', 'Other']
./Data/events.2022.03.30-13.48.39.json|PasswordChange|['GAEvent', 'PasswordChange', 'Common', 'Channel']|'WEB' is not one of ['OLBRetail', 'OLBBusiness', 'MobileRetail', 'MobileBusiness', 'Unknown', 'Other']
./Data/events.2022.03.30-13.48.39.json|PasswordChange|['GAEvent', 'PasswordChange', 'PasswordChangeReason']|'Initial Setup' is not one of ['Forgotten', 'AdminReset', 'UserInitiated', 'Expired', 'Unknown', 'Other']
./Data/events.2022.03.30-13.48.39.json|PasswordChange|['GAEvent', 'PasswordChange', 'RetailSession', 'UTCTimestamp']|'2021-12-17T19:57:06.859910Z' is not of type 'integer'
./Data/events.2022.03.30-13.48.39.json|UserEdit|['GAEvent', 'UserEdit', 'Attribute']|'Multiple' is not one of ['eMail', 'Address', 'PhoneNumber', 'NameOnAccount', 'SignOnID', 'Limit', 'Permission', 'Role', 'Unknown', 'Other']
./Data/events.2022.03.30-13.48.39.json|UserEdit|['GAEvent', 'UserEdit', 'Common', 'Channel']|'WEB' is not one of ['OLBRetail', 'OLBBusiness', 'MobileRetail', 'MobileBusiness', 'Unknown', 'Other']
./Data/events.2022.03.30-13.48.39.json|UserEdit|['GAEvent', 'UserEdit', 'PriorValue']|None is not of type 'string'
./Data/events.2022.03.30-13.48.39.json|UserEdit|['GAEvent', 'UserEdit', 'RetailSession', 'UTCTimestamp']|'2022-02-14T19:18:17.905577Z' is not of type 'integer'
./Data/events.2022.03.30-13.48.39.json|UserEdit|['GAEvent', 'UserEdit', 'Attribute']|'Multiple' is not one of ['eMail', 'Address', 'PhoneNumber', 'NameOnAccount', 'SignOnID', 'Limit', 'Permission', 'Role', 'Unknown', 'Other']
./Data/events.2022.03.30-13.48.39.json|UserEdit|['GAEvent', 'UserEdit', 'Common', 'Channel']|'WEB' is not one of ['OLBRetail', 'OLBBusiness', 'MobileRetail', 'MobileBusiness', 'Unknown', 'Other']
./Data/events.2022.03.30-13.48.39.json|UserEdit|['GAEvent', 'UserEdit', 'PriorValue']|None is not of type 'string'
./Data/events.2022.03.30-13.48.39.json|UserEdit|['GAEvent', 'UserEdit', 'RetailSession', 'UTCTimestamp']|'2022-02-14T19:14:10.006042Z' is not of type 'integer'
./Data/events.2022.03.30-13.48.39.json|UserEdit|['GAEvent', 'UserEdit', 'Attribute']|'Multiple' is not one of ['eMail', 'Address', 'PhoneNumber', 'NameOnAccount', 'SignOnID', 'Limit', 'Permission', 'Role', 'Unknown', 'Other']
./Data/events.2022.03.30-13.48.39.json|UserEdit|['GAEvent', 'UserEdit', 'Common', 'Channel']|'WEB' is not one of ['OLBRetail', 'OLBBusiness', 'MobileRetail', 'MobileBusiness', 'Unknown', 'Other']
./Data/events.2022.03.30-13.48.39.json|UserEdit|['GAEvent', 'UserEdit', 'PriorValue']|None is not of type 'string'
./Data/events.2022.03.30-13.48.39.json|UserEdit|['GAEvent', 'UserEdit', 'RetailSession', 'UTCTimestamp']|'2022-02-14T19:19:50.956765Z' is not of type 'integer'
./Data/events.2022.03.30-13.48.39.json|UserEdit|['GAEvent', 'UserEdit', 'Attribute']|'Multiple' is not one of ['eMail', 'Address', 'PhoneNumber', 'NameOnAccount', 'SignOnID', 'Limit', 'Permission', 'Role', 'Unknown', 'Other']
./Data/events.2022.03.30-13.48.39.json|UserEdit|['GAEvent', 'UserEdit', 'Common', 'Channel']|'WEB' is not one of ['OLBRetail', 'OLBBusiness', 'MobileRetail', 'MobileBusiness', 'Unknown', 'Other']
./Data/events.2022.03.30-13.48.39.json|UserEdit|['GAEvent', 'UserEdit', 'PriorValue']|None is not of type 'string'
./Data/events.2022.03.30-13.48.39.json|UserEdit|['GAEvent', 'UserEdit', 'RetailSession', 'UTCTimestamp']|'2021-12-17T19:57:40.773227Z' is not of type 'integer'
